dataset_variant,model,n,sim_score_mean,rouge_l_mean,chrf_mean,token_f1_mean,bertscore_f1_mean
short_answer,retrieval_multimodal/multimodal_alpha0.60_results,998,0.6915989248496994,0.06489903068203406,0.12742276026648086,0.05121093730314859,0.6728512608336065
short_answer,retrieval_textual_e5/e5_results,998,0.9276328426853708,0.03470471922249376,0.10400845858627368,0.02574023656404749,0.6666754365922931
short_answer,retrieval_textual_sbert/sbert_results,998,0.736567380761523,0.04788068370785051,0.11042878661706708,0.03368724321507087,0.6678848570597196
short_answer,retrieval_textual_tfidf/tfidf_results,998,0.16190747194388777,0.044168410137384054,0.1051891094458934,0.03637040507528739,0.6657686920944818
short_answer,retrieval_visual/visual_results,998,0.8317056683366734,0.0599910439460593,0.12235263977272927,0.04065259089941978,0.6717435882421199
