method,model_name,split,n,empty_predictions,chrf_mean,rouge_l_mean,token_f1_mean,sacrebleu_corpus,chrf_corpus,bertscore_f1_mean
vlm_lora,final_adapter,valid_ht,56,0,0.1448732096489342,0.10103480671282274,0.1133230297229287,0.23699200398044706,10.722980468161385,0.6696684956550598
vlm_lora,final_adapter,test_ht_spanishtestsetcorrected,100,0,0.15651651489777257,0.11216673136907745,0.1307272613258693,0.3279704432305287,11.081715492629856,0.6672438663244248
