dataset_variant,model,n,sim_score_mean,rouge_l_mean,chrf_mean,token_f1_mean,bertscore_f1_mean
longest_answer,retrieval_textual/tfidf_results,998,0.16190747194388777,0.08404167378414579,0.15788835662373757,0.08252128064575225,0.6562156807444617
longest_answer,retrieval_textual_e5/e5_results,998,0.9276328426853708,0.08420373786424533,0.16712094950578055,0.08102490308395276,0.6556944340049384
longest_answer,retrieval_textual_sbert/sbert_results,998,0.736567380761523,0.08753648953469823,0.1739996471469498,0.08459387694376279,0.656660166914334
