method,model_name,split,n,empty_predictions,chrf_mean,rouge_l_mean,token_f1_mean,sacrebleu_corpus,chrf_corpus,bertscore_f1_mean
vlm_zero_shot,Qwen/Qwen2.5-VL-3B-Instruct,valid_ht,56,0,0.19325694266040502,0.08113567451550693,0.10964628060451452,0.5557483889271154,20.73431561258062,0.6305370985397271
vlm_zero_shot,Qwen/Qwen2.5-VL-3B-Instruct,test_ht_spanishtestsetcorrected,100,0,0.18246282054258064,0.07155958339085591,0.09153917092289182,0.4085552964569149,20.547964296876184,0.6281523877382278
