method,n,parse_success_rate,minimum_tokens_rate,mean_explanation_tokens,mean_answer_stability_f1
lora,23,0.0,0.0,0.0,0.0
lora_rag,23,0.043478260869565216,0.043478260869565216,33.78260869565217,0.013628017722038855
zero_shot,23,0.6521739130434783,0.6521739130434783,105.34782608695652,0.2873019821155368
zero_shot_rag,23,0.7391304347826086,0.7391304347826086,114.6086956521739,0.24961835088069415
