method,n,parse_success_rate,minimum_tokens_rate,mean_explanation_tokens,mean_answer_stability_f1
lora,23,0.9565217391304348,0.9565217391304348,171.95652173913044,1.0
lora_rag,23,1.0,1.0,132.7826086956522,1.0
zero_shot,23,0.9565217391304348,0.9565217391304348,150.56521739130434,1.0
zero_shot_rag,23,1.0,1.0,160.7826086956522,1.0
